<?xml version="1.0" encoding="UTF-8"?>
<project-private xmlns="http://www.netbeans.org/ns/project-private/1">
    <editor-bookmarks xmlns="http://www.netbeans.org/ns/editor-bookmarks/2" lastBookmarkId="0"/>
    <open-files xmlns="http://www.netbeans.org/ns/projectui-open-files/2">
        <group>
            <file>file:/home/ruben/DS/Practicas/p1/P1_S4/s4/src/s4/Salpicadero.java</file>
            <file>file:/home/ruben/DS/Practicas/p1/P1_S4/s4/src/s4/GestorFiltros.java</file>
            <file>file:/home/ruben/DS/Practicas/p1/P1_S4/s4/src/s4/InterfazSalpicadero.java</file>
            <file>file:/home/ruben/DS/Practicas/p1/P1_S4/s4/src/s4/EstadoMotor.java</file>
            <file>file:/home/ruben/DS/Practicas/p1/P1_S4/s4/src/s4/CadenaFiltros.java</file>
            <file>file:/home/ruben/DS/Practicas/p1/P1_S4/s4/src/s4/Filtro.java</file>
            <file>file:/home/ruben/DS/Practicas/p1/P1_S4/s4/src/s4/FiltroCalcularVelocidad.java</file>
            <file>file:/home/ruben/DS/Practicas/p1/P1_S4/s4/src/s4/FiltroRepercutirRozamiento.java</file>
            <file>file:/home/ruben/DS/Practicas/p1/P1_S4/s4/src/s4/Cliente.java</file>
        </group>
    </open-files>
</project-private>
