<?xml version="1.0" encoding="UTF-8"?>
<configurationDescriptor version="100">
  <logicalFolder name="root" displayName="root" projectFiles="true" kind="ROOT">
    <logicalFolder name="HeaderFiles"
                   displayName="Header Files"
                   projectFiles="true">
      <itemPath>include/Bus.h</itemPath>
      <itemPath>include/Cliente.h</itemPath>
      <itemPath>include/ComponenteEquipo.h</itemPath>
      <itemPath>include/Computador.h</itemPath>
      <itemPath>include/Disco.h</itemPath>
      <itemPath>include/Estudiante.h</itemPath>
      <itemPath>include/Mayorista.h</itemPath>
      <itemPath>include/Tarjeta.h</itemPath>
      <itemPath>include/VisitanteEquipo.h</itemPath>
      <itemPath>include/VisitantePrecio.h</itemPath>
      <itemPath>include/VisitantePrecioDetalle.h</itemPath>
    </logicalFolder>
    <logicalFolder name="ResourceFiles"
                   displayName="Resource Files"
                   projectFiles="true">
    </logicalFolder>
    <logicalFolder name="SourceFiles"
                   displayName="Source Files"
                   projectFiles="true">
      <itemPath>src/Bus.cpp</itemPath>
      <itemPath>src/Cliente.cpp</itemPath>
      <itemPath>src/ComponenteEquipo.cpp</itemPath>
      <itemPath>src/Computador.cpp</itemPath>
      <itemPath>src/Disco.cpp</itemPath>
      <itemPath>src/Estudiante.cpp</itemPath>
      <itemPath>src/Mayorista.cpp</itemPath>
      <itemPath>src/Tarjeta.cpp</itemPath>
      <itemPath>src/VisitanteEquipo.cpp</itemPath>
      <itemPath>src/VisitantePrecio.cpp</itemPath>
      <itemPath>src/VisitantePrecioDetalle.cpp</itemPath>
      <itemPath>src/main.cpp</itemPath>
    </logicalFolder>
    <logicalFolder name="TestFiles"
                   displayName="Test Files"
                   projectFiles="false"
                   kind="TEST_LOGICAL_FOLDER">
    </logicalFolder>
    <logicalFolder name="ExternalFiles"
                   displayName="Important Files"
                   projectFiles="false"
                   kind="IMPORTANT_FILES_FOLDER">
      <itemPath>Makefile</itemPath>
    </logicalFolder>
  </logicalFolder>
  <projectmakefile>Makefile</projectmakefile>
  <confs>
    <conf name="Debug" type="1">
      <toolsSet>
        <compilerSet>default</compilerSet>
        <dependencyChecking>true</dependencyChecking>
        <rebuildPropChanged>false</rebuildPropChanged>
      </toolsSet>
      <compileType>
        <ccTool>
          <standard>8</standard>
          <incDir>
            <pElem>include</pElem>
          </incDir>
        </ccTool>
      </compileType>
      <item path="include/Bus.h" ex="false" tool="3" flavor2="0">
      </item>
      <item path="include/Cliente.h" ex="false" tool="3" flavor2="0">
      </item>
      <item path="include/ComponenteEquipo.h" ex="false" tool="3" flavor2="0">
      </item>
      <item path="include/Computador.h" ex="false" tool="3" flavor2="0">
      </item>
      <item path="include/Disco.h" ex="false" tool="3" flavor2="0">
      </item>
      <item path="include/Estudiante.h" ex="false" tool="3" flavor2="0">
      </item>
      <item path="include/Mayorista.h" ex="false" tool="3" flavor2="0">
      </item>
      <item path="include/Tarjeta.h" ex="false" tool="3" flavor2="0">
      </item>
      <item path="include/VisitanteEquipo.h" ex="false" tool="3" flavor2="0">
      </item>
      <item path="include/VisitantePrecio.h" ex="false" tool="3" flavor2="0">
      </item>
      <item path="include/VisitantePrecioDetalle.h" ex="false" tool="3" flavor2="0">
      </item>
      <item path="src/Bus.cpp" ex="false" tool="1" flavor2="0">
      </item>
      <item path="src/Cliente.cpp" ex="false" tool="1" flavor2="0">
      </item>
      <item path="src/ComponenteEquipo.cpp" ex="false" tool="1" flavor2="0">
      </item>
      <item path="src/Computador.cpp" ex="false" tool="1" flavor2="0">
      </item>
      <item path="src/Disco.cpp" ex="false" tool="1" flavor2="0">
      </item>
      <item path="src/Estudiante.cpp" ex="false" tool="1" flavor2="0">
      </item>
      <item path="src/Mayorista.cpp" ex="false" tool="1" flavor2="0">
      </item>
      <item path="src/Tarjeta.cpp" ex="false" tool="1" flavor2="0">
      </item>
      <item path="src/VisitanteEquipo.cpp" ex="false" tool="1" flavor2="0">
      </item>
      <item path="src/VisitantePrecio.cpp" ex="false" tool="1" flavor2="0">
      </item>
      <item path="src/VisitantePrecioDetalle.cpp" ex="false" tool="1" flavor2="0">
      </item>
      <item path="src/main.cpp" ex="false" tool="1" flavor2="0">
      </item>
    </conf>
    <conf name="Release" type="1">
      <toolsSet>
        <compilerSet>default</compilerSet>
        <dependencyChecking>true</dependencyChecking>
        <rebuildPropChanged>false</rebuildPropChanged>
      </toolsSet>
      <compileType>
        <cTool>
          <developmentMode>5</developmentMode>
        </cTool>
        <ccTool>
          <developmentMode>5</developmentMode>
        </ccTool>
        <fortranCompilerTool>
          <developmentMode>5</developmentMode>
        </fortranCompilerTool>
        <asmTool>
          <developmentMode>5</developmentMode>
        </asmTool>
      </compileType>
      <item path="include/Bus.h" ex="false" tool="3" flavor2="0">
      </item>
      <item path="include/Cliente.h" ex="false" tool="3" flavor2="0">
      </item>
      <item path="include/ComponenteEquipo.h" ex="false" tool="3" flavor2="0">
      </item>
      <item path="include/Computador.h" ex="false" tool="3" flavor2="0">
      </item>
      <item path="include/Disco.h" ex="false" tool="3" flavor2="0">
      </item>
      <item path="include/Estudiante.h" ex="false" tool="3" flavor2="0">
      </item>
      <item path="include/Mayorista.h" ex="false" tool="3" flavor2="0">
      </item>
      <item path="include/Tarjeta.h" ex="false" tool="3" flavor2="0">
      </item>
      <item path="include/VisitanteEquipo.h" ex="false" tool="3" flavor2="0">
      </item>
      <item path="include/VisitantePrecio.h" ex="false" tool="3" flavor2="0">
      </item>
      <item path="include/VisitantePrecioDetalle.h" ex="false" tool="3" flavor2="0">
      </item>
      <item path="src/Bus.cpp" ex="false" tool="1" flavor2="0">
      </item>
      <item path="src/Cliente.cpp" ex="false" tool="1" flavor2="0">
      </item>
      <item path="src/ComponenteEquipo.cpp" ex="false" tool="1" flavor2="0">
      </item>
      <item path="src/Computador.cpp" ex="false" tool="1" flavor2="0">
      </item>
      <item path="src/Disco.cpp" ex="false" tool="1" flavor2="0">
      </item>
      <item path="src/Estudiante.cpp" ex="false" tool="1" flavor2="0">
      </item>
      <item path="src/Mayorista.cpp" ex="false" tool="1" flavor2="0">
      </item>
      <item path="src/Tarjeta.cpp" ex="false" tool="1" flavor2="0">
      </item>
      <item path="src/VisitanteEquipo.cpp" ex="false" tool="1" flavor2="0">
      </item>
      <item path="src/VisitantePrecio.cpp" ex="false" tool="1" flavor2="0">
      </item>
      <item path="src/VisitantePrecioDetalle.cpp" ex="false" tool="1" flavor2="0">
      </item>
      <item path="src/main.cpp" ex="false" tool="1" flavor2="0">
      </item>
    </conf>
  </confs>
</configurationDescriptor>
