<?xml version="1.0" encoding="UTF-8"?>
<project-private xmlns="http://www.netbeans.org/ns/project-private/1">
    <editor-bookmarks xmlns="http://www.netbeans.org/ns/editor-bookmarks/2" lastBookmarkId="0"/>
    <open-files xmlns="http://www.netbeans.org/ns/projectui-open-files/2">
        <group>
            <file>file:/home/agus/Escritorio/DS/Practica1/FactoriaAbstracta_MetodoFactoria/src/factoriaabstracta_metodofactoria/FactoriaMontana.java</file>
            <file>file:/home/agus/Escritorio/DS/Practica1/FactoriaAbstracta_MetodoFactoria/src/factoriaabstracta_metodofactoria/CarreraMontana.java</file>
            <file>file:/home/agus/Escritorio/DS/Practica1/FactoriaAbstracta_MetodoFactoria/src/factoriaabstracta_metodofactoria/Bicicleta.java</file>
            <file>file:/home/agus/Escritorio/DS/Practica1/FactoriaAbstracta_MetodoFactoria/src/factoriaabstracta_metodofactoria/Cliente.java</file>
            <file>file:/home/agus/Escritorio/DS/Practica1/FactoriaAbstracta_MetodoFactoria/src/factoriaabstracta_metodofactoria/CarreraCarretera.java</file>
            <file>file:/home/agus/Escritorio/DS/Practica1/FactoriaAbstracta_MetodoFactoria/src/factoriaabstracta_metodofactoria/BicicletaMontana.java</file>
            <file>file:/home/agus/Escritorio/DS/Practica1/FactoriaAbstracta_MetodoFactoria/src/factoriaabstracta_metodofactoria/FactoriaAbstracta_MetodoFactoria.java</file>
            <file>file:/home/agus/Escritorio/DS/Practica1/FactoriaAbstracta_MetodoFactoria/src/factoriaabstracta_metodofactoria/FactoriaCarrera_Bicicleta.java</file>
            <file>file:/home/agus/Escritorio/DS/Practica1/FactoriaAbstracta_MetodoFactoria/src/factoriaabstracta_metodofactoria/FactoriaCarretera.java</file>
            <file>file:/home/agus/Escritorio/DS/Practica1/FactoriaAbstracta_MetodoFactoria/src/factoriaabstracta_metodofactoria/BicicletaCarretera.java</file>
            <file>file:/home/agus/Escritorio/DS/Practica1/FactoriaAbstracta_MetodoFactoria/src/factoriaabstracta_metodofactoria/Carrera.java</file>
        </group>
    </open-files>
</project-private>
